label,orders,n,per_wk,fill%,win%,R/tr,ci_lo,ci_hi,sumR,grossR/tr,costR/tr,maxDD_R,stop%,long,short,period,crowd
F1,772,772,5.971270718232044,100.0,38.212435233160626,0.0019583782790561686,-0.12219653863295855,0.13025764595525258,1.5118680314313622,0.06346073440945021,0.05879258163258278,49.11521044743664,2.4362009643747706,532,240,dev,-
F2,2252,768,5.9012074643249175,34.10301953818828,29.6875,0.029137685757441665,-0.12109385118585153,0.17359371499971468,22.3777426617152,0.06895325907567952,0.038484108457751555,43.9632021722564,2.6645682224468143,395,373,dev,-
F3,4305,1010,7.769230769230769,23.46109175377468,29.603960396039604,0.03188229922928121,-0.0817698057012236,0.14362759243935488,32.20112222157402,0.0920479676116694,0.05636086519753451,54.91399872814082,1.7737613539118202,595,415,dev,-
F4,2540,1139,8.75192096597146,44.84251968503937,34.24056189640035,0.06411704010366975,-0.03363740729343277,0.16698624932222397,73.02930867807984,0.11237397003923924,0.04577311675114087,37.87734307538,2.60846037423291,672,467,dev,-
F1,192,192,1.5537572254335261,100.0,39.0625,0.07257978721400231,-0.14401029724709202,0.29420189990320683,13.935319145088442,0.12022685079774653,0.06094977893995882,16.279330203177906,2.364571227456339,37,155,dev,live
F2,1055,339,2.6105610561056105,32.132701421800945,31.563421828908556,0.13206951295927943,-0.07965282784988595,0.33148462760823294,44.77156489319573,0.1530133904798903,0.038277110555389654,30.866893406734324,2.609653184050691,35,304,dev,live
F3,2032,404,3.1145374449339207,19.881889763779526,28.960396039603957,0.006104548976021899,-0.16841745357645208,0.19833744773795403,2.4662377863128473,0.04678535427560651,0.05671896635353979,54.820239807374705,1.7736156673402923,46,358,dev,live
F4,1233,519,3.9966996699669965,42.092457420924575,34.48940269749518,0.12213069249029584,-0.03255376428217896,0.27736091868529217,63.38582940246354,0.1525630658066044,0.04628739267773936,39.2077497910628,2.5354488031749445,67,452,dev,live
F1,148,148,2.4608076009501185,100.0,33.78378378378378,-0.1106832991798418,-0.3331661446152835,0.12056355575447349,-16.381128278616586,-0.06792059218905663,0.04384758400858027,24.347684699283757,3.320879613962017,98,50,y21,-
F2,1000,333,5.5765550239234445,33.3,28.52852852852853,-0.0039825923779030084,-0.21436404427319683,0.2171686633462391,-1.3262032618417017,0.031886786054641285,0.02263935444597771,43.511531350565114,4.448712359385949,195,138,y21,-
F3,1967,422,6.966981132075472,21.453990849008644,27.488151658767773,-0.051769660725331804,-0.20170045564574196,0.10997412985614995,-21.84679682609002,-0.005447533814606049,0.033067626898652544,41.01382880417462,3.0278970525042554,278,144,y21,-
F4,1078,427,7.0997624703087885,39.61038961038961,30.44496487119438,-0.008964236645230356,-0.18677198926392136,0.17171000595489727,-3.827729047513362,0.027379108610851504,0.028503955235790017,40.84215805493721,4.0639595638109185,257,170,y21,-
F1,48,48,0.7980997624703088,100.0,37.5,0.09272767581385684,-0.32486170210498344,0.5072522631919948,4.4509284390651285,0.0960249606570668,0.05288065473037388,9.424570837555398,2.6448060175522663,3,45,y21,live
F2,342,108,1.8129496402877698,31.57894736842105,26.851851851851855,-0.15212343204142062,-0.5497526337750538,0.32755383008399586,-16.429330660473425,-0.16044315600785955,0.0248308856742671,33.51792886262477,4.30598058034135,4,104,y21,live
F3,593,95,1.5683962264150944,16.020236087689714,18.947368421052634,-0.3257809210836027,-0.6333856442956949,-0.031316886321730256,-30.949187502942255,-0.31375222295633864,0.03959257892795527,34.68827709197093,2.634052960700502,4,91,y21,live
F4,386,148,2.4608076009501185,38.3419689119171,29.054054054054053,-0.09058816659787924,-0.4206572858274748,0.263368329958739,-13.407048656486127,-0.09537077307035,0.03390422791671117,35.42518492739378,3.7555746277645796,5,143,y21,live
F1,216,216,4.188365650969529,100.0,32.407407407407405,-0.13886500716338385,-0.39968308245612655,0.14986169984250414,-29.99484154729091,-0.0847465145552004,0.05351071399033383,49.54485574729559,2.738391788590982,156,60,val,-
F2,964,344,6.633608815426998,35.684647302904565,28.488372093023255,-0.06282062135097397,-0.2352567989914699,0.11947880582351517,-21.610293744735046,-0.025178760925406277,0.0345163271758408,37.461230311432686,2.9443539028035994,177,167,val,-
F3,1783,420,8.076923076923077,23.555804823331464,26.190476190476193,-0.09312727995180411,-0.25453802295700384,0.0564855317083777,-39.11345757975773,-0.04042455153562471,0.05158917597862577,64.50438447646067,2.044052358564823,231,189,val,-
F4,1035,439,8.465564738292011,42.41545893719807,30.296127562642365,-0.04667721366924394,-0.20966472549140958,0.11049402945675896,-20.49129680079809,-0.00690805223913717,0.03808868199731089,35.320241242541805,2.9169005577539324,251,188,val,-
F1,41,41,0.8913043478260869,100.0,36.58536585365854,0.037019582863374305,-0.43511010500541464,0.48864323683329214,1.5178028973983464,0.08346313578000242,0.05541710962561882,11.376399689738992,2.3874646099723,8,33,val,live
F2,316,107,2.0980392156862746,33.860759493670884,28.971962616822427,-0.021360316148598398,-0.40747028823384535,0.375498697522841,-2.2855538279000287,-0.005422112939102305,0.030627993752054664,22.102003659043188,3.450638295325202,7,100,val,live
F3,677,148,2.8461538461538463,21.86115214180207,27.027027027027028,-0.049452557640485825,-0.3083882391472927,0.2099082161196193,-7.318978530791902,-0.013138507623927358,0.04504418152273326,24.810469883272347,2.150825387220525,12,136,val,live
F4,354,148,2.9019607843137254,41.80790960451977,30.405405405405407,-0.021009631260302555,-0.31871121328232505,0.31578308566754587,-3.109425426524778,0.003194229139374979,0.03739301258202464,32.39314679646895,3.2259749149429147,14,134,val,live
F1,287,287,4.494407158836689,100.0,32.752613240418114,-0.1772420947008979,-0.3909880231660964,0.04993067407821535,-50.8684811791577,-0.10843569200136625,0.06736960484236261,54.749667797459175,2.092777384262626,198,89,hold,-
F2,1174,400,6.181015452538632,34.07155025553663,24.5,-0.18050680110066433,-0.3803191917334301,0.04016397205231717,-72.20272044026574,-0.13866894322083978,0.041982765543847084,78.7170994306104,2.4025399865766377,202,198,hold,-
F3,2131,513,7.927152317880796,24.073205068043173,29.434697855750485,0.03743151149780312,-0.15576974852770994,0.2415221044740509,19.202365398373,0.09984325004970068,0.06189430856189176,43.834103512679235,1.6315405012783515,281,232,hold,-
F4,1290,533,8.236203090507727,41.31782945736434,27.204502814258912,-0.15478736584197933,-0.3081603246880295,0.02317391333304525,-82.50166599377498,-0.10426662049557127,0.049950015978871026,84.0328786771583,2.2995310526490242,296,237,hold,-
F1,75,75,1.174496644295302,100.0,29.333333333333332,-0.19537158884981606,-0.5226134240097935,0.14539842437165817,-14.652869163736204,-0.13387573530153024,0.0650591925008322,15.266291699143952,2.256481610712184,27,48,hold,live
F2,316,107,1.66815144766147,33.860759493670884,22.429906542056074,-0.235674404497245,-0.5650005894936022,0.15632085940959822,-25.217161281205215,-0.2101938573857682,0.03395495845573544,27.130944960902777,2.9408841473459573,11,96,hold,live
F3,672,152,2.35920177383592,22.61904761904762,28.289473684210524,0.028923696856649587,-0.33298310832426764,0.41798712981929104,4.396401922210737,0.07420198559529696,0.05234909147582285,22.13516575589999,1.7507403651207216,34,118,hold,live
F4,385,176,2.719646799116998,45.714285714285715,26.136363636363637,-0.18851111411437688,-0.42894393120206914,0.07308436983200411,-33.17795608413033,-0.14834191592476945,0.046803984855821226,35.0419100339192,2.6442568828271007,35,141,hold,live
