label,orders,n,per_wk,fill%,win%,R/tr,ci_lo,ci_hi,sumR,grossR/tr,costR/tr,maxDD_R,stop%,long,short,half1,half2,period
F1,287,287,4.494407158836689,100.0,32.752613240418114,-0.1772420947008979,-0.3909880231660964,0.04993067407821535,-50.8684811791577,-0.10843569200136625,0.06736960484236261,54.749667797459175,2.092777384262626,198,89,-0.308448529076225,-0.029513368589418602,hold
F2,1174,400,6.181015452538632,34.07155025553663,24.5,-0.18050680110066433,-0.3803191917334301,0.04016397205231717,-72.20272044026574,-0.13866894322083978,0.041982765543847084,78.7170994306104,2.4025399865766377,202,198,-0.1785728406862854,-0.18210518847510546,hold
F3,2131,513,7.927152317880796,24.073205068043173,29.434697855750485,0.03743151149780312,-0.15576974852770994,0.2415221044740509,19.202365398373,0.09984325004970068,0.06189430856189176,43.834103512679235,1.6315405012783515,281,232,0.07949820323754757,-0.015568813777822012,hold
F4,1290,533,8.236203090507727,41.31782945736434,27.204502814258912,-0.15478736584197933,-0.3081603246880295,0.02317391333304525,-82.50166599377498,-0.10426662049557127,0.049950015978871026,84.0328786771583,2.2995310526490242,296,237,-0.172726131583696,-0.13869993179602702,hold
F1,148,148,2.4608076009501185,100.0,33.78378378378378,-0.1106832991798418,-0.3331661446152835,0.12056355575447349,-16.381128278616586,-0.06792059218905663,0.04384758400858027,24.347684699283757,3.320879613962017,98,50,-0.10617807320117773,-0.11240960072306821,y21
F2,1000,333,5.5765550239234445,33.3,28.52852852852853,-0.0039825923779030084,-0.21436404427319683,0.2171686633462391,-1.3262032618417017,0.031886786054641285,0.02263935444597771,43.511531350565114,4.448712359385949,195,138,0.06794704387417361,-0.06892477825120648,y21
F3,1967,422,6.966981132075472,21.453990849008644,27.488151658767773,-0.051769660725331804,-0.20170045564574196,0.10997412985614995,-21.84679682609002,-0.005447533814606049,0.033067626898652544,41.01382880417462,3.0278970525042554,278,144,0.014458185134531438,-0.1274106014282213,y21
F4,1078,427,7.0997624703087885,39.61038961038961,30.44496487119438,-0.008964236645230356,-0.18677198926392136,0.17171000595489727,-3.827729047513362,0.027379108610851504,0.028503955235790017,40.84215805493721,4.0639595638109185,257,170,0.030771577162503658,-0.040819952356071984,y21
F1,1249,1249,5.065469293163384,100.0,38.35068054443555,0.009796561018617984,-0.09474456217293141,0.1118092545152966,12.235904712253863,0.0664000754021461,0.055732325690061126,74.77584923913349,2.691922222071235,826,423,0.02625009193808497,-0.009930295594334521,other
F2,4389,1555,6.317469529889728,35.42948279790385,31.061093247588424,0.05683723211335206,-0.05194052996693394,0.16633615277858355,88.38189593626245,0.09338145935062542,0.034449834667941805,52.99775991634485,3.01837190164139,798,757,0.03372126901354529,0.07708112742150612,other
F3,8521,2032,8.226720647773279,23.846966318507217,25.984251968503933,-0.08371985010316045,-0.1625651093678322,-0.00465214849667391,-170.11873540962205,-0.03147470536087439,0.050004216694168886,177.8379195350007,2.050252831697753,1152,880,-0.11780977351231725,-0.053906891254562064,other
F4,4835,2179,8.826967592592592,45.067218200620474,33.5933914639743,0.054322513563962865,-0.02927579012590138,0.1382659042410534,118.36875705587508,0.09774161838829286,0.041381012776673096,57.11497376507528,2.888556576880595,1211,968,0.0026012815412041765,0.10413332170119624,other
