label,orders,n,per_wk,fill%,win%,R/tr,ci_lo,ci_hi,sumR,grossR/tr,costR/tr,maxDD_R,stop%,long,short
bos12h|fvg_liq|dev,815,211,1.6193399846508056,25.88957055214724,23.22274881516588,-0.30147793127991607,-0.48582062741423393,-0.10965500774174448,-63.61184350006229,-0.27292962019586325,0.021583668167420383,68.01674625403209,4.762551433179377,115,96
bos12h|fvg_liq|val,356,87,1.6698656429942418,24.43820224719101,29.88505747126437,-0.04279784654521071,-0.3798006353101533,0.31367365734701663,-3.7234126494333317,-0.017506927118007002,0.019295494766217617,11.889006275383629,5.018249702458301,51,36
bos12h|eq_rr3|dev,1169,427,3.277052954719877,36.52694610778443,28.10304449648712,-0.11283194486992576,-0.2950996489624516,0.07349711270194621,-48.1792404594583,-0.08808235157180845,0.020216859700042826,63.69000515861954,4.994403882723905,246,181
bos12h|eq_rr3|val,458,172,3.3013435700575813,37.55458515283843,31.976744186046513,0.13355037059793054,-0.16419681507210052,0.4612023840532212,22.970663742844053,0.15735847070368275,0.01780807364759669,17.70763144424458,5.4084702929935045,98,74
bos12h|ob_rr3|dev,1248,364,2.793553338449731,29.166666666666668,23.076923076923077,-0.28529849387601547,-0.4618048877842729,-0.09441441144897786,-103.84865177086962,-0.25678742188825215,0.02308960697372894,104.90253624173648,4.496159026055778,224,140
bos12h|ob_rr3|val,501,143,2.7447216890595008,28.542914171656687,30.76923076923077,0.13801273514822504,-0.18309916791123884,0.4897290950483287,19.735821126196182,0.16298012339145593,0.02014156869984156,18.663868149926365,5.138912911838575,79,64
bos1d|fvg_liq|dev,371,74,0.56792018419033,19.946091644204852,31.08108108108108,-0.12778484518501698,-0.46287721714428065,0.233598026218206,-9.456078543691257,-0.09638342025251556,0.016048562498655786,23.65985636857204,6.522884111976063,48,26
bos1d|fvg_liq|val,159,42,0.8061420345489443,26.41509433962264,23.809523809523807,-0.14403183368893907,-0.6805304528033796,0.545816229416375,-6.049337014935441,-0.13719073493665268,0.01411052130770589,14.494652671430348,7.05650072614533,25,17
bos1d|eq_rr3|dev,561,161,1.2356101304681504,28.698752228163993,28.57142857142857,-0.10548058817160864,-0.4147737896448563,0.22249702288407824,-16.98237469562899,-0.07313109464089251,0.01574073711007106,29.541303755946142,6.29283470020257,111,50
bos1d|eq_rr3|val,234,74,1.420345489443378,31.623931623931625,22.972972972972975,-0.2632415836668197,-0.6546872717646182,0.20181134119070715,-19.47987719134466,-0.24918262150297557,0.014902539550862197,20.66080195793972,6.943273279811169,43,31
bos1d|ob_rr3|dev,627,143,1.0974673829623944,22.80701754385965,29.37062937062937,-0.07636888856237463,-0.3795341037485989,0.28487260661338065,-10.920751064419573,-0.0428079614199128,0.01638879625174594,32.43795210948882,6.055189651489497,99,44
bos1d|ob_rr3|val,267,57,1.0940499040307101,21.348314606741575,17.543859649122805,-0.4316247294890277,-0.7590559060602999,0.006084991882861341,-24.602609580874578,-0.4127117486612079,0.016450956544726263,24.265534462929224,6.485951624289044,33,24
