at,strategy,pair,direction,entry,stop_loss,tp1,rr,gate,detail,cost_share_pct
2026-08-30T10:22:09+00:00,FIBO,LTCUSDT,LONG,48.735,48.073679999999996,49.9875,1.8939393939393805,предел издержек,вход слишком дорог: комиссии съедят 5.2% риска при пределе 5.0% — стоп стоит слишком тесно,5.153
2026-08-30T10:26:30+00:00,FIBO,LTCUSDT,LONG,48.735,48.073679999999996,49.9875,1.8939393939393805,предел издержек,вход слишком дорог: комиссии съедят 5.2% риска при пределе 5.0% — стоп стоит слишком тесно,5.153
2026-08-30T10:31:33+00:00,FIBO,LTCUSDT,LONG,48.735,48.073679999999996,49.9875,1.8939393939393805,предел издержек,вход слишком дорог: комиссии съедят 5.2% риска при пределе 5.0% — стоп стоит слишком тесно,5.153
2026-08-30T10:36:32+00:00,FIBO,LTCUSDT,LONG,48.735,48.073679999999996,49.9875,1.8939393939393805,предел издержек,вход слишком дорог: комиссии съедят 5.2% риска при пределе 5.0% — стоп стоит слишком тесно,5.153
2026-08-30T10:41:30+00:00,FIBO,LTCUSDT,LONG,48.735,48.073679999999996,49.9875,1.8939393939393805,предел издержек,вход слишком дорог: комиссии съедят 5.2% риска при пределе 5.0% — стоп стоит слишком тесно,5.153
2026-08-30T10:46:30+00:00,FIBO,LTCUSDT,LONG,48.735,48.073679999999996,49.9875,1.8939393939393805,предел издержек,вход слишком дорог: комиссии съедят 5.2% риска при пределе 5.0% — стоп стоит слишком тесно,5.153
2026-08-30T10:51:35+00:00,FIBO,LTCUSDT,LONG,48.735,48.073679999999996,49.9875,1.8939393939393805,предел издержек,вход слишком дорог: комиссии съедят 5.2% риска при пределе 5.0% — стоп стоит слишком тесно,5.153
2026-08-30T10:56:47+00:00,FIBO,LTCUSDT,LONG,48.735,48.073679999999996,49.9875,1.8939393939393805,предел издержек,вход слишком дорог: комиссии съедят 5.2% риска при пределе 5.0% — стоп стоит слишком тесно,5.153
2026-08-30T11:01:43+00:00,FIBO,LTCUSDT,LONG,48.735,48.073679999999996,49.9875,1.8939393939393805,предел издержек,вход слишком дорог: комиссии съедят 5.2% риска при пределе 5.0% — стоп стоит слишком тесно,5.153
2026-08-30T11:06:45+00:00,FIBO,LTCUSDT,LONG,48.735,48.073679999999996,49.9875,1.8939393939393805,предел издержек,вход слишком дорог: комиссии съедят 5.2% риска при пределе 5.0% — стоп стоит слишком тесно,5.153
2026-08-30T11:11:44+00:00,FIBO,LTCUSDT,LONG,48.735,48.073679999999996,49.9875,1.8939393939393805,предел издержек,вход слишком дорог: комиссии съедят 5.2% риска при пределе 5.0% — стоп стоит слишком тесно,5.153
2026-08-30T11:16:35+00:00,FIBO,LTCUSDT,LONG,48.735,48.073679999999996,49.9875,1.8939393939393805,предел издержек,вход слишком дорог: комиссии съедят 5.2% риска при пределе 5.0% — стоп стоит слишком тесно,5.153
2026-08-30T11:21:32+00:00,FIBO,LTCUSDT,LONG,48.735,48.073679999999996,49.9875,1.8939393939393805,предел издержек,вход слишком дорог: комиссии съедят 5.2% риска при пределе 5.0% — стоп стоит слишком тесно,5.153
2026-08-30T11:27:01+00:00,FIBO,LTCUSDT,LONG,48.735,48.073679999999996,49.9875,1.8939393939393805,предел издержек,вход слишком дорог: комиссии съедят 5.2% риска при пределе 5.0% — стоп стоит слишком тесно,5.153
2026-08-30T11:31:31+00:00,FIBO,LTCUSDT,LONG,48.735,48.073679999999996,49.9875,1.8939393939393805,предел издержек,вход слишком дорог: комиссии съедят 5.2% риска при пределе 5.0% — стоп стоит слишком тесно,5.153
2026-08-30T11:36:29+00:00,FIBO,LTCUSDT,LONG,48.735,48.073679999999996,49.9875,1.8939393939393805,предел издержек,вход слишком дорог: комиссии съедят 5.2% риска при пределе 5.0% — стоп стоит слишком тесно,5.153
2026-08-30T11:41:36+00:00,FIBO,LTCUSDT,LONG,48.735,48.073679999999996,49.9875,1.8939393939393805,предел издержек,вход слишком дорог: комиссии съедят 5.2% риска при пределе 5.0% — стоп стоит слишком тесно,5.153
2026-08-30T11:46:28+00:00,FIBO,LTCUSDT,LONG,48.735,48.073679999999996,49.9875,1.8939393939393805,предел издержек,вход слишком дорог: комиссии съедят 5.2% риска при пределе 5.0% — стоп стоит слишком тесно,5.153
2026-08-30T11:51:32+00:00,FIBO,LTCUSDT,LONG,48.735,48.073679999999996,49.9875,1.8939393939393805,предел издержек,вход слишком дорог: комиссии съедят 5.2% риска при пределе 5.0% — стоп стоит слишком тесно,5.153
2026-08-30T11:56:30+00:00,FIBO,LTCUSDT,LONG,48.735,48.073679999999996,49.9875,1.8939393939393805,предел издержек,вход слишком дорог: комиссии съедят 5.2% риска при пределе 5.0% — стоп стоит слишком тесно,5.153
2026-08-30T12:01:38+00:00,FIBO,LTCUSDT,LONG,48.735,48.073679999999996,49.9875,1.8939393939393805,предел издержек,вход слишком дорог: комиссии съедят 5.2% риска при пределе 5.0% — стоп стоит слишком тесно,5.153
2026-08-30T12:06:31+00:00,FIBO,LTCUSDT,LONG,48.735,48.073679999999996,49.9875,1.8939393939393805,предел издержек,вход слишком дорог: комиссии съедят 5.2% риска при пределе 5.0% — стоп стоит слишком тесно,5.153
2026-08-30T12:11:34+00:00,FIBO,LTCUSDT,LONG,48.735,48.073679999999996,49.9875,1.8939393939393805,предел издержек,вход слишком дорог: комиссии съедят 5.2% риска при пределе 5.0% — стоп стоит слишком тесно,5.153
2026-08-30T12:16:41+00:00,FIBO,LTCUSDT,LONG,48.735,48.073679999999996,49.9875,1.8939393939393805,предел издержек,вход слишком дорог: комиссии съедят 5.2% риска при пределе 5.0% — стоп стоит слишком тесно,5.153
2026-08-30T12:21:40+00:00,FIBO,LTCUSDT,LONG,48.735,48.073679999999996,49.9875,1.8939393939393805,предел издержек,вход слишком дорог: комиссии съедят 5.2% риска при пределе 5.0% — стоп стоит слишком тесно,5.153
2026-08-30T12:26:40+00:00,FIBO,LTCUSDT,LONG,48.735,48.073679999999996,49.9875,1.8939393939393805,предел издержек,вход слишком дорог: комиссии съедят 5.2% риска при пределе 5.0% — стоп стоит слишком тесно,5.153
2026-08-30T12:32:08+00:00,FIBO,LTCUSDT,LONG,48.735,48.073679999999996,49.9875,1.8939393939393805,предел издержек,вход слишком дорог: комиссии съедят 5.2% риска при пределе 5.0% — стоп стоит слишком тесно,5.153
2026-08-30T12:36:44+00:00,FIBO,LTCUSDT,LONG,48.735,48.073679999999996,49.9875,1.8939393939393805,предел издержек,вход слишком дорог: комиссии съедят 5.2% риска при пределе 5.0% — стоп стоит слишком тесно,5.153
2026-08-30T14:01:43+00:00,FIBO,AAVEUSDT,LONG,125.33000000000001,123.66680000000001,128.48000000000002,1.8939393939393936,предел издержек,вход слишком дорог: комиссии съедят 5.3% риска при пределе 5.0% — стоп стоит слишком тесно,5.261
2026-08-30T14:11:48+00:00,FIBO,AAVEUSDT,LONG,125.33000000000001,123.66680000000001,128.48000000000002,1.8939393939393936,предел издержек,вход слишком дорог: комиссии съедят 5.3% риска при пределе 5.0% — стоп стоит слишком тесно,5.261
2026-08-30T14:16:43+00:00,FIBO,AAVEUSDT,LONG,125.33000000000001,123.66680000000001,128.48000000000002,1.8939393939393936,предел издержек,вход слишком дорог: комиссии съедят 5.3% риска при пределе 5.0% — стоп стоит слишком тесно,5.261
2026-08-30T14:26:08+00:00,FIBO,AAVEUSDT,LONG,125.33000000000001,123.66680000000001,128.48000000000002,1.8939393939393936,предел издержек,вход слишком дорог: комиссии съедят 5.3% риска при пределе 5.0% — стоп стоит слишком тесно,5.261
2026-08-30T14:30:28+00:00,FIBO,AAVEUSDT,LONG,125.33000000000001,123.66680000000001,128.48000000000002,1.8939393939393936,предел издержек,вход слишком дорог: комиссии съедят 5.3% риска при пределе 5.0% — стоп стоит слишком тесно,5.261
2026-08-30T14:35:33+00:00,FIBO,AAVEUSDT,LONG,125.33000000000001,123.66680000000001,128.48000000000002,1.8939393939393936,предел издержек,вход слишком дорог: комиссии съедят 5.3% риска при пределе 5.0% — стоп стоит слишком тесно,5.261
2026-08-30T14:40:25+00:00,FIBO,AAVEUSDT,LONG,125.33000000000001,123.66680000000001,128.48000000000002,1.8939393939393936,предел издержек,вход слишком дорог: комиссии съедят 5.3% риска при пределе 5.0% — стоп стоит слишком тесно,5.261
2026-08-30T14:45:31+00:00,FIBO,AAVEUSDT,LONG,125.33000000000001,123.66680000000001,128.48000000000002,1.8939393939393936,предел издержек,вход слишком дорог: комиссии съедят 5.3% риска при пределе 5.0% — стоп стоит слишком тесно,5.261
2026-08-30T14:50:36+00:00,FIBO,AAVEUSDT,LONG,125.33000000000001,123.66680000000001,128.48000000000002,1.8939393939393936,предел издержек,вход слишком дорог: комиссии съедят 5.3% риска при пределе 5.0% — стоп стоит слишком тесно,5.261
2026-08-30T14:55:42+00:00,FIBO,AAVEUSDT,LONG,125.33000000000001,123.66680000000001,128.48000000000002,1.8939393939393936,предел издержек,вход слишком дорог: комиссии съедят 5.3% риска при пределе 5.0% — стоп стоит слишком тесно,5.261
2026-08-30T15:00:49+00:00,FIBO,AAVEUSDT,LONG,125.33000000000001,123.66680000000001,128.48000000000002,1.8939393939393936,предел издержек,вход слишком дорог: комиссии съедят 5.3% риска при пределе 5.0% — стоп стоит слишком тесно,5.261
2026-08-30T15:05:46+00:00,FIBO,AAVEUSDT,LONG,125.33000000000001,123.66680000000001,128.48000000000002,1.8939393939393936,предел издержек,вход слишком дорог: комиссии съедят 5.3% риска при пределе 5.0% — стоп стоит слишком тесно,5.261
2026-08-30T15:10:43+00:00,FIBO,AAVEUSDT,LONG,125.33000000000001,123.66680000000001,128.48000000000002,1.8939393939393936,предел издержек,вход слишком дорог: комиссии съедят 5.3% риска при пределе 5.0% — стоп стоит слишком тесно,5.261
2026-08-30T15:25:37+00:00,FIBO,AAVEUSDT,LONG,125.33000000000001,123.66680000000001,128.48000000000002,1.8939393939393936,предел издержек,вход слишком дорог: комиссии съедят 5.3% риска при пределе 5.0% — стоп стоит слишком тесно,5.261
2026-08-30T15:31:22+00:00,FIBO,AAVEUSDT,LONG,125.33000000000001,123.66680000000001,128.48000000000002,1.8939393939393936,предел издержек,вход слишком дорог: комиссии съедят 5.3% риска при пределе 5.0% — стоп стоит слишком тесно,5.261
2026-08-30T15:35:41+00:00,FIBO,AAVEUSDT,LONG,125.33000000000001,123.66680000000001,128.48000000000002,1.8939393939393936,предел издержек,вход слишком дорог: комиссии съедят 5.3% риска при пределе 5.0% — стоп стоит слишком тесно,5.261
2026-08-30T15:40:39+00:00,FIBO,AAVEUSDT,LONG,125.33000000000001,123.66680000000001,128.48000000000002,1.8939393939393936,предел издержек,вход слишком дорог: комиссии съедят 5.3% риска при пределе 5.0% — стоп стоит слишком тесно,5.261
2026-08-30T15:45:37+00:00,FIBO,AAVEUSDT,LONG,125.33000000000001,123.66680000000001,128.48000000000002,1.8939393939393936,предел издержек,вход слишком дорог: комиссии съедят 5.3% риска при пределе 5.0% — стоп стоит слишком тесно,5.261
2026-08-30T15:50:41+00:00,FIBO,AAVEUSDT,LONG,125.33000000000001,123.66680000000001,128.48000000000002,1.8939393939393936,предел издержек,вход слишком дорог: комиссии съедят 5.3% риска при пределе 5.0% — стоп стоит слишком тесно,5.261
2026-08-30T15:55:41+00:00,FIBO,AAVEUSDT,LONG,125.33000000000001,123.66680000000001,128.48000000000002,1.8939393939393936,предел издержек,вход слишком дорог: комиссии съедят 5.3% риска при пределе 5.0% — стоп стоит слишком тесно,5.261
2026-08-30T16:00:38+00:00,FIBO,AAVEUSDT,LONG,125.33000000000001,123.66680000000001,128.48000000000002,1.8939393939393936,предел издержек,вход слишком дорог: комиссии съедят 5.3% риска при пределе 5.0% — стоп стоит слишком тесно,5.261
2026-08-30T16:01:12+00:00,SMC,SOLUSDT,LONG,102.05,100.65878500000001,108.2643,5.471853739357379,предел издержек,вход слишком дорог: комиссии съедят 5.1% риска при пределе 5.0% — стоп стоит слишком тесно,5.131
2026-08-30T16:05:40+00:00,FIBO,AAVEUSDT,LONG,125.33000000000001,123.66680000000001,128.48000000000002,1.8939393939393936,предел издержек,вход слишком дорог: комиссии съедят 5.3% риска при пределе 5.0% — стоп стоит слишком тесно,5.261
2026-08-30T16:06:09+00:00,SMC,SOLUSDT,LONG,102.05,100.65878500000001,108.2643,5.471853739357379,предел издержек,вход слишком дорог: комиссии съедят 5.1% риска при пределе 5.0% — стоп стоит слишком тесно,5.131
2026-08-30T16:10:38+00:00,FIBO,AAVEUSDT,LONG,125.33000000000001,123.66680000000001,128.48000000000002,1.8939393939393936,предел издержек,вход слишком дорог: комиссии съедят 5.3% риска при пределе 5.0% — стоп стоит слишком тесно,5.261
2026-08-30T16:11:17+00:00,SMC,SOLUSDT,LONG,102.05,100.65878500000001,108.2643,5.471853739357379,предел издержек,вход слишком дорог: комиссии съедят 5.1% риска при пределе 5.0% — стоп стоит слишком тесно,5.131
2026-08-30T16:15:44+00:00,FIBO,AAVEUSDT,LONG,125.33000000000001,123.66680000000001,128.48000000000002,1.8939393939393936,предел издержек,вход слишком дорог: комиссии съедят 5.3% риска при пределе 5.0% — стоп стоит слишком тесно,5.261
2026-08-30T16:16:12+00:00,SMC,SOLUSDT,LONG,102.05,100.65878500000001,108.2643,5.471853739357379,предел издержек,вход слишком дорог: комиссии съедят 5.1% риска при пределе 5.0% — стоп стоит слишком тесно,5.131
2026-08-30T16:20:31+00:00,FIBO,AAVEUSDT,LONG,125.33000000000001,123.66680000000001,128.48000000000002,1.8939393939393936,предел издержек,вход слишком дорог: комиссии съедят 5.3% риска при пределе 5.0% — стоп стоит слишком тесно,5.261
2026-08-30T16:20:50+00:00,SMC,SOLUSDT,LONG,102.05,100.65878500000001,108.2643,5.471853739357379,предел издержек,вход слишком дорог: комиссии съедят 5.1% риска при пределе 5.0% — стоп стоит слишком тесно,5.131
2026-08-30T16:25:37+00:00,FIBO,AAVEUSDT,LONG,125.33000000000001,123.66680000000001,128.48000000000002,1.8939393939393936,предел издержек,вход слишком дорог: комиссии съедят 5.3% риска при пределе 5.0% — стоп стоит слишком тесно,5.261
2026-08-30T16:26:01+00:00,SMC,SOLUSDT,LONG,102.05,100.65878500000001,108.2643,5.471853739357379,предел издержек,вход слишком дорог: комиссии съедят 5.1% риска при пределе 5.0% — стоп стоит слишком тесно,5.131
2026-08-30T16:31:27+00:00,FIBO,AAVEUSDT,LONG,125.33000000000001,123.66680000000001,128.48000000000002,1.8939393939393936,предел издержек,вход слишком дорог: комиссии съедят 5.3% риска при пределе 5.0% — стоп стоит слишком тесно,5.261
2026-08-30T16:32:00+00:00,SMC,SOLUSDT,LONG,102.05,100.65878500000001,108.2643,5.471853739357379,предел издержек,вход слишком дорог: комиссии съедят 5.1% риска при пределе 5.0% — стоп стоит слишком тесно,5.131
2026-08-30T16:36:13+00:00,SMC,SOLUSDT,LONG,102.05,100.65878500000001,108.2643,5.471853739357379,предел издержек,вход слишком дорог: комиссии съедят 5.1% риска при пределе 5.0% — стоп стоит слишком тесно,5.131
2026-08-30T16:40:38+00:00,FIBO,AAVEUSDT,LONG,125.33000000000001,123.66680000000001,128.48000000000002,1.8939393939393936,предел издержек,вход слишком дорог: комиссии съедят 5.3% риска при пределе 5.0% — стоп стоит слишком тесно,5.261
2026-08-30T16:41:16+00:00,SMC,SOLUSDT,LONG,102.05,100.65878500000001,108.2643,5.471853739357379,предел издержек,вход слишком дорог: комиссии съедят 5.1% риска при пределе 5.0% — стоп стоит слишком тесно,5.131
2026-08-30T16:46:25+00:00,SMC,SOLUSDT,LONG,102.05,100.65878500000001,108.2643,5.471853739357379,предел издержек,вход слишком дорог: комиссии съедят 5.1% риска при пределе 5.0% — стоп стоит слишком тесно,5.131
2026-08-30T16:50:54+00:00,SMC,SOLUSDT,LONG,102.05,100.65878500000001,108.2643,5.471853739357379,предел издержек,вход слишком дорог: комиссии съедят 5.1% риска при пределе 5.0% — стоп стоит слишком тесно,5.131
2026-08-30T16:55:50+00:00,SMC,SOLUSDT,LONG,102.05,100.65878500000001,108.2643,5.471853739357379,предел издержек,вход слишком дорог: комиссии съедят 5.1% риска при пределе 5.0% — стоп стоит слишком тесно,5.131
2026-08-30T17:00:44+00:00,SMC,SOLUSDT,LONG,102.05,100.65878500000001,108.2643,5.471853739357379,предел издержек,вход слишком дорог: комиссии съедят 5.1% риска при пределе 5.0% — стоп стоит слишком тесно,5.131
2026-08-30T17:05:45+00:00,SMC,SOLUSDT,LONG,102.05,100.65878500000001,108.2643,5.471853739357379,предел издержек,вход слишком дорог: комиссии съедят 5.1% риска при пределе 5.0% — стоп стоит слишком тесно,5.131
2026-08-30T17:10:48+00:00,SMC,SOLUSDT,LONG,102.05,100.65878500000001,108.2643,5.471853739357379,предел издержек,вход слишком дорог: комиссии съедят 5.1% риска при пределе 5.0% — стоп стоит слишком тесно,5.131
2026-08-30T17:15:44+00:00,SMC,SOLUSDT,LONG,102.05,100.65878500000001,108.2643,5.471853739357379,предел издержек,вход слишком дорог: комиссии съедят 5.1% риска при пределе 5.0% — стоп стоит слишком тесно,5.131
2026-08-30T17:20:54+00:00,SMC,SOLUSDT,LONG,102.05,100.65878500000001,108.2643,5.471853739357379,предел издержек,вход слишком дорог: комиссии съедят 5.1% риска при пределе 5.0% — стоп стоит слишком тесно,5.131
2026-08-30T17:25:48+00:00,SMC,SOLUSDT,LONG,102.05,100.65878500000001,108.2643,5.471853739357379,предел издержек,вход слишком дорог: комиссии съедят 5.1% риска при пределе 5.0% — стоп стоит слишком тесно,5.131
2026-08-30T17:31:10+00:00,SMC,SOLUSDT,LONG,102.05,100.65878500000001,108.2643,5.471853739357379,предел издержек,вход слишком дорог: комиссии съедят 5.1% риска при пределе 5.0% — стоп стоит слишком тесно,5.131
2026-08-30T17:35:43+00:00,SMC,SOLUSDT,LONG,102.05,100.65878500000001,108.2643,5.471853739357379,предел издержек,вход слишком дорог: комиссии съедят 5.1% риска при пределе 5.0% — стоп стоит слишком тесно,5.131
2026-08-30T17:40:44+00:00,SMC,SOLUSDT,LONG,102.05,100.65878500000001,108.2643,5.471853739357379,предел издержек,вход слишком дорог: комиссии съедят 5.1% риска при пределе 5.0% — стоп стоит слишком тесно,5.131
2026-08-30T17:45:49+00:00,SMC,SOLUSDT,LONG,102.05,100.65878500000001,108.2643,5.471853739357379,предел издержек,вход слишком дорог: комиссии съедят 5.1% риска при пределе 5.0% — стоп стоит слишком тесно,5.131
2026-08-30T17:50:45+00:00,SMC,SOLUSDT,LONG,102.05,100.65878500000001,108.2643,5.471853739357379,предел издержек,вход слишком дорог: комиссии съедят 5.1% риска при пределе 5.0% — стоп стоит слишком тесно,5.131
2026-08-30T17:55:51+00:00,SMC,SOLUSDT,LONG,102.05,100.65878500000001,108.2643,5.471853739357379,предел издержек,вход слишком дорог: комиссии съедят 5.1% риска при пределе 5.0% — стоп стоит слишком тесно,5.131
2026-08-30T18:00:29+00:00,FIBO,ETHUSDT,LONG,2492.42,2459.49656,2554.7749999999996,1.8939393939393792,предел издержек,вход слишком дорог: комиссии съедят 5.3% риска при пределе 5.0% — стоп стоит слишком тесно,5.283
2026-08-30T18:00:53+00:00,SMC,SOLUSDT,LONG,103.58,102.75135999999999,104.67,5.221175661324546,предел издержек,вход слишком дорог: комиссии съедят 8.3% риска при пределе 5.0% — стоп стоит слишком тесно,8.342
2026-08-30T18:05:26+00:00,FIBO,ETHUSDT,LONG,2492.42,2459.49656,2554.7749999999996,1.8939393939393792,предел издержек,вход слишком дорог: комиссии съедят 5.3% риска при пределе 5.0% — стоп стоит слишком тесно,5.283
2026-08-30T18:05:45+00:00,SMC,SOLUSDT,LONG,103.58,102.75135999999999,104.67,5.221175661324546,предел издержек,вход слишком дорог: комиссии съедят 8.3% риска при пределе 5.0% — стоп стоит слишком тесно,8.342
2026-08-30T18:10:48+00:00,SMC,SOLUSDT,LONG,103.58,102.75135999999999,104.67,5.221175661324546,предел издержек,вход слишком дорог: комиссии съедят 8.3% риска при пределе 5.0% — стоп стоит слишком тесно,8.342
2026-08-30T18:15:48+00:00,SMC,SOLUSDT,LONG,103.58,102.75135999999999,104.67,5.221175661324546,предел издержек,вход слишком дорог: комиссии съедят 8.3% риска при пределе 5.0% — стоп стоит слишком тесно,8.342
2026-08-30T18:20:44+00:00,SMC,SOLUSDT,LONG,103.58,102.75135999999999,104.67,5.221175661324546,предел издержек,вход слишком дорог: комиссии съедят 8.3% риска при пределе 5.0% — стоп стоит слишком тесно,8.342
2026-08-30T18:25:27+00:00,FIBO,ETHUSDT,LONG,2492.42,2459.49656,2554.7749999999996,1.8939393939393792,предел издержек,вход слишком дорог: комиссии съедят 5.3% риска при пределе 5.0% — стоп стоит слишком тесно,5.283
2026-08-30T18:25:50+00:00,SMC,SOLUSDT,LONG,103.58,102.75135999999999,104.67,5.221175661324546,предел издержек,вход слишком дорог: комиссии съедят 8.3% риска при пределе 5.0% — стоп стоит слишком тесно,8.342
2026-08-30T18:31:02+00:00,FIBO,ETHUSDT,LONG,2492.42,2459.49656,2554.7749999999996,1.8939393939393792,предел издержек,вход слишком дорог: комиссии съедят 5.3% риска при пределе 5.0% — стоп стоит слишком тесно,5.283
2026-08-30T18:31:22+00:00,SMC,SOLUSDT,LONG,103.58,102.75135999999999,104.67,5.221175661324546,предел издержек,вход слишком дорог: комиссии съедят 8.3% риска при пределе 5.0% — стоп стоит слишком тесно,8.342
2026-08-30T18:35:26+00:00,FIBO,ETHUSDT,LONG,2492.42,2459.49656,2554.7749999999996,1.8939393939393792,предел издержек,вход слишком дорог: комиссии съедят 5.3% риска при пределе 5.0% — стоп стоит слишком тесно,5.283
2026-08-30T18:35:47+00:00,SMC,SOLUSDT,LONG,103.58,102.75135999999999,104.67,5.221175661324546,предел издержек,вход слишком дорог: комиссии съедят 8.3% риска при пределе 5.0% — стоп стоит слишком тесно,8.342
2026-08-30T18:40:29+00:00,FIBO,ETHUSDT,LONG,2492.42,2459.49656,2554.7749999999996,1.8939393939393792,предел издержек,вход слишком дорог: комиссии съедят 5.3% риска при пределе 5.0% — стоп стоит слишком тесно,5.283
2026-08-30T18:40:47+00:00,SMC,SOLUSDT,LONG,103.58,102.75135999999999,104.67,5.221175661324546,предел издержек,вход слишком дорог: комиссии съедят 8.3% риска при пределе 5.0% — стоп стоит слишком тесно,8.342
2026-08-30T18:45:28+00:00,FIBO,ETHUSDT,LONG,2492.42,2459.49656,2554.7749999999996,1.8939393939393792,предел издержек,вход слишком дорог: комиссии съедят 5.3% риска при пределе 5.0% — стоп стоит слишком тесно,5.283
2026-08-30T18:45:46+00:00,SMC,SOLUSDT,LONG,103.58,102.75135999999999,104.67,5.221175661324546,предел издержек,вход слишком дорог: комиссии съедят 8.3% риска при пределе 5.0% — стоп стоит слишком тесно,8.342
2026-08-30T18:50:25+00:00,FIBO,ETHUSDT,LONG,2492.42,2459.49656,2554.7749999999996,1.8939393939393792,предел издержек,вход слишком дорог: комиссии съедят 5.3% риска при пределе 5.0% — стоп стоит слишком тесно,5.283
2026-08-30T18:50:44+00:00,SMC,SOLUSDT,LONG,103.58,102.75135999999999,104.67,5.221175661324546,предел издержек,вход слишком дорог: комиссии съедят 8.3% риска при пределе 5.0% — стоп стоит слишком тесно,8.342
2026-08-30T18:55:25+00:00,FIBO,ETHUSDT,LONG,2492.42,2459.49656,2554.7749999999996,1.8939393939393792,предел издержек,вход слишком дорог: комиссии съедят 5.3% риска при пределе 5.0% — стоп стоит слишком тесно,5.283
2026-08-30T18:55:45+00:00,SMC,SOLUSDT,LONG,103.58,102.75135999999999,104.67,5.221175661324546,предел издержек,вход слишком дорог: комиссии съедят 8.3% риска при пределе 5.0% — стоп стоит слишком тесно,8.342
2026-08-30T19:00:26+00:00,FIBO,ETHUSDT,LONG,2492.42,2459.49656,2554.7749999999996,1.8939393939393792,предел издержек,вход слишком дорог: комиссии съедят 5.3% риска при пределе 5.0% — стоп стоит слишком тесно,5.283
2026-08-30T19:00:44+00:00,SMC,SOLUSDT,LONG,103.58,102.75135999999999,104.67,5.221175661324546,предел издержек,вход слишком дорог: комиссии съедят 8.3% риска при пределе 5.0% — стоп стоит слишком тесно,8.342
2026-08-30T19:05:25+00:00,FIBO,ETHUSDT,LONG,2492.42,2459.49656,2554.7749999999996,1.8939393939393792,предел издержек,вход слишком дорог: комиссии съедят 5.3% риска при пределе 5.0% — стоп стоит слишком тесно,5.283
2026-08-30T19:05:47+00:00,SMC,SOLUSDT,LONG,103.58,102.75135999999999,104.67,5.221175661324546,предел издержек,вход слишком дорог: комиссии съедят 8.3% риска при пределе 5.0% — стоп стоит слишком тесно,8.342
2026-08-30T19:10:27+00:00,FIBO,ETHUSDT,LONG,2492.42,2459.49656,2554.7749999999996,1.8939393939393792,предел издержек,вход слишком дорог: комиссии съедят 5.3% риска при пределе 5.0% — стоп стоит слишком тесно,5.283
2026-08-30T19:10:46+00:00,SMC,SOLUSDT,LONG,103.58,102.75135999999999,104.67,5.221175661324546,предел издержек,вход слишком дорог: комиссии съедят 8.3% риска при пределе 5.0% — стоп стоит слишком тесно,8.342
2026-08-30T19:15:28+00:00,FIBO,ETHUSDT,LONG,2492.42,2459.49656,2554.7749999999996,1.8939393939393792,предел издержек,вход слишком дорог: комиссии съедят 5.3% риска при пределе 5.0% — стоп стоит слишком тесно,5.283
2026-08-30T19:15:46+00:00,SMC,SOLUSDT,LONG,103.58,102.75135999999999,104.67,5.221175661324546,предел издержек,вход слишком дорог: комиссии съедят 8.3% риска при пределе 5.0% — стоп стоит слишком тесно,8.342
2026-08-30T19:20:25+00:00,FIBO,ETHUSDT,LONG,2492.42,2459.49656,2554.7749999999996,1.8939393939393792,предел издержек,вход слишком дорог: комиссии съедят 5.3% риска при пределе 5.0% — стоп стоит слишком тесно,5.283
2026-08-30T19:20:44+00:00,SMC,SOLUSDT,LONG,103.58,102.75135999999999,104.67,5.221175661324546,предел издержек,вход слишком дорог: комиссии съедят 8.3% риска при пределе 5.0% — стоп стоит слишком тесно,8.342
2026-08-30T19:25:28+00:00,FIBO,ETHUSDT,LONG,2492.42,2459.49656,2554.7749999999996,1.8939393939393792,предел издержек,вход слишком дорог: комиссии съедят 5.3% риска при пределе 5.0% — стоп стоит слишком тесно,5.283
2026-08-30T19:25:47+00:00,SMC,SOLUSDT,LONG,103.58,102.75135999999999,104.67,5.221175661324546,предел издержек,вход слишком дорог: комиссии съедят 8.3% риска при пределе 5.0% — стоп стоит слишком тесно,8.342
2026-08-30T19:30:54+00:00,FIBO,ETHUSDT,LONG,2492.42,2459.49656,2554.7749999999996,1.8939393939393792,предел издержек,вход слишком дорог: комиссии съедят 5.3% риска при пределе 5.0% — стоп стоит слишком тесно,5.283
2026-08-30T19:31:13+00:00,SMC,SOLUSDT,LONG,103.58,102.75135999999999,104.67,5.221175661324546,предел издержек,вход слишком дорог: комиссии съедят 8.3% риска при пределе 5.0% — стоп стоит слишком тесно,8.342
2026-08-30T19:35:24+00:00,FIBO,ETHUSDT,LONG,2492.42,2459.49656,2554.7749999999996,1.8939393939393792,предел издержек,вход слишком дорог: комиссии съедят 5.3% риска при пределе 5.0% — стоп стоит слишком тесно,5.283
2026-08-30T19:35:43+00:00,SMC,SOLUSDT,LONG,103.58,102.75135999999999,104.67,5.221175661324546,предел издержек,вход слишком дорог: комиссии съедят 8.3% риска при пределе 5.0% — стоп стоит слишком тесно,8.342
2026-08-30T19:40:46+00:00,SMC,SOLUSDT,LONG,103.58,102.75135999999999,104.67,5.221175661324546,предел издержек,вход слишком дорог: комиссии съедят 8.3% риска при пределе 5.0% — стоп стоит слишком тесно,8.342
2026-08-30T19:45:45+00:00,SMC,SOLUSDT,LONG,103.58,102.75135999999999,104.67,5.221175661324546,предел издержек,вход слишком дорог: комиссии съедят 8.3% риска при пределе 5.0% — стоп стоит слишком тесно,8.342
2026-08-30T19:50:45+00:00,SMC,SOLUSDT,LONG,103.58,102.75135999999999,104.67,5.221175661324546,предел издержек,вход слишком дорог: комиссии съедят 8.3% риска при пределе 5.0% — стоп стоит слишком тесно,8.342
2026-08-30T19:55:46+00:00,SMC,SOLUSDT,LONG,103.58,102.75135999999999,104.67,5.221175661324546,предел издержек,вход слишком дорог: комиссии съедят 8.3% риска при пределе 5.0% — стоп стоит слишком тесно,8.342
